{
    "feature_keys": [
        "contrast",
        "correlation",
        "energy",
        "homogeneity"
    ],
    "centroids": {
        "Overripe_frames": [
            133.49420610059423,
            0.9673888041941164,
            0.02290443052526219,
            0.2724790841708908
        ],
        "Ripe2_frames": [
            127.96731330561387,
            0.9713654752548152,
            0.016632942118849615,
            0.1861779970584613
        ],
        "Ripe_frames": [
            166.40236325262677,
            0.9715232812224742,
            0.016990701156142308,
            0.20872468608070976
        ],
        "Rotten_frames": [
            216.4230002628715,
            0.9578199728253929,
            0.014470483921333493,
            0.16104303082518567
        ]
    },
    "class_names": [
        "Overripe_frames",
        "Ripe2_frames",
        "Ripe_frames",
        "Rotten_frames"
    ]
}