{
  "model_type": "HSV nearest-centroid classifier",
  "python_compatible": "3.14",
  "feature_keys": [
    "hue",
    "saturation",
    "value",
    "red_magenta_area"
  ],
  "class_names": [
    "Overripe_frames",
    "Ripe2_frames",
    "Ripe_frames",
    "Rotten_frames"
  ],
  "centroids": {
    "Overripe_frames": [
      0.4988149720670391,
      0.34334980392156866,
      0.5609505882352942,
      0.5000508
    ],
    "Ripe2_frames": [
      0.49065184357541897,
      0.37571890196078433,
      0.5924836078431372,
      0.427046
    ],
    "Ripe_frames": [
      0.5650746368715084,
      0.3408586666666667,
      0.5420869019607844,
      0.493448
    ],
    "Rotten_frames": [
      0.5375070391061453,
      0.33137301960784316,
      0.5312778039215686,
      0.40953480000000003
    ]
  },
  "feature_means": {
    "Overripe_frames": {
      "hue": 0.4988,
      "saturation": 0.3433,
      "value": 0.561,
      "red_magenta_area": 0.5001
    },
    "Ripe2_frames": {
      "hue": 0.4907,
      "saturation": 0.3757,
      "value": 0.5925,
      "red_magenta_area": 0.427
    },
    "Ripe_frames": {
      "hue": 0.5651,
      "saturation": 0.3409,
      "value": 0.5421,
      "red_magenta_area": 0.4934
    },
    "Rotten_frames": {
      "hue": 0.5375,
      "saturation": 0.3314,
      "value": 0.5313,
      "red_magenta_area": 0.4095
    }
  },
  "training_samples": {
    "Overripe_frames": 250,
    "Ripe2_frames": 250,
    "Ripe_frames": 250,
    "Rotten_frames": 250
  },
  "training_accuracy_percent": 75.6
}